action_accuracy,anomaly_accuracy,benchmark,critical_action_recall,enum_compliance_rate,exact_field_set_rate,extra_prose_rate,extractable_schema_compliance_rate,extreme_late_night_recall,f1_after_hours,f1_extreme_late_night,f1_multi_pc,f1_normal,f1_weekend_burst,free_text_substitution_rate,full_schema_compliance_rate,hallucinated_enum_rate,json_object_extractable_rate,json_validity_rate,macro_f1,n,over_action_rate,rare_class_recall_avg,recall_after_hours,recall_extreme_late_night,recall_multi_pc,recall_normal,recall_weekend_burst,risk_mae,run_name,severe_false_negative_rate,type_compliance_rate,under_action_rate,weighted_f1
0.75,0.71,core_balanced,1.0,1.0,1.0,0.0,1.0,0.45,0.5762711864406781,0.6206896551724138,0.6206896551724138,0.851063829787234,0.888888888888889,0.0,1.0,0.0,1.0,1.0,0.7115206430923257,100,0.12,0.5666666666666667,0.85,0.45,0.45,1.0,0.8,0.29,A_r8_a16_lr2e4,0.15,1.0,0.13,0.7115206430923258
0.66,0.61,core_balanced,0.95,1.0,1.0,0.0,1.0,0.0,0.46376811594202894,0.0,0.4,0.9523809523809523,0.9090909090909091,0.0,1.0,0.0,1.0,1.0,0.545047995482778,100,0.3,0.4166666666666667,0.8,0.0,0.25,1.0,1.0,0.32,B_r32_a64_lr2e4,0.0,1.0,0.04,0.545047995482778
0.57,0.65,core_balanced,0.95,1.0,1.0,0.0,1.0,0.95,0.6666666666666667,0.6909090909090908,0.18181818181818182,0.7547169811320755,0.7096774193548387,0.0,1.0,0.0,1.0,1.0,0.6007576679761708,100,0.23,0.5333333333333333,0.65,0.95,0.1,1.0,0.55,0.58,C_r8_a16_lr5e5,0.2,1.0,0.2,0.6007576679761708
0.37,0.4,core_balanced,0.0,1.0,1.0,0.0,1.0,0.0,0.41379310344827586,0.0,0.0,0.8444444444444444,0.24999999999999997,0.0,1.0,0.0,1.0,1.0,0.3016475095785441,100,0.01,0.049999999999999996,0.9,0.0,0.0,0.95,0.15,1.11,base,1.0,1.0,0.62,0.3016475095785441
