action_accuracy,anomaly_accuracy,benchmark,critical_action_recall,enum_compliance_rate,exact_field_set_rate,extra_prose_rate,extractable_schema_compliance_rate,extreme_late_night_recall,f1_after_hours,f1_extreme_late_night,f1_multi_pc,f1_normal,f1_weekend_burst,free_text_substitution_rate,full_schema_compliance_rate,hallucinated_enum_rate,json_object_extractable_rate,json_validity_rate,macro_f1,n,over_action_rate,rare_class_recall_avg,recall_after_hours,recall_extreme_late_night,recall_multi_pc,recall_normal,recall_weekend_burst,risk_mae,run_name,severe_false_negative_rate,type_compliance_rate,under_action_rate,weighted_f1
0.4,0.7428571428571429,rare_stress,1.0,1.0,1.0,0.0,1.0,0.4,0.0,0.5714285714285715,0.7499999999999999,0.0,1.0,0.0,1.0,0.0,1.0,1.0,0.4642857142857143,35,0.42857142857142855,0.6666666666666666,0.0,0.4,0.6,0.0,1.0,0.5142857142857142,A_r8_a16_lr2e4,0.08571428571428572,1.0,0.17142857142857143,0.8316326530612245
0.2857142857142857,0.5428571428571428,rare_stress,0.8,1.0,1.0,0.0,1.0,0.2,0.0,0.28571428571428575,0.33333333333333337,0.0,1.0,0.0,1.0,0.0,1.0,1.0,0.3238095238095239,35,0.6285714285714286,0.4666666666666666,0.0,0.2,0.2,0.0,1.0,0.6571428571428571,B_r32_a64_lr2e4,0.02857142857142857,1.0,0.08571428571428572,0.6122448979591837
0.3142857142857143,0.42857142857142855,rare_stress,0.8,1.0,1.0,0.0,1.0,0.8,0.0,0.3636363636363636,0.125,0.0,0.8,0.0,1.0,0.0,1.0,1.0,0.2577272727272727,35,0.45714285714285713,0.5111111111111111,0.0,0.8,0.06666666666666667,0.0,0.6666666666666666,0.8285714285714286,C_r8_a16_lr5e5,0.2,1.0,0.22857142857142856,0.4483766233766234
0.02857142857142857,0.14285714285714285,rare_stress,0.0,1.0,1.0,0.0,1.0,0.2,0.0,0.28571428571428575,0.0,0.0,0.4210526315789474,0.0,1.0,0.0,1.0,1.0,0.14135338345864662,35,0.0,0.15555555555555556,0.0,0.2,0.0,0.0,0.26666666666666666,1.4,base,0.9428571428571428,1.0,0.9714285714285714,0.22126745435016112
